cell_key,cell_line
A2780,A2780
A375,A-375
ACHN,ACHN
BXPC3,BxPC-3
CAL51,CAL-51
CALU6,Calu-6
CAPAN2,Capan-2
CFPAC1,CFPAC-1
G361,G-361
G402,G-402
HCC1143,HCC1143
HCC366,HCC-366
HCC4006,HCC4006
HCC44,HCC-44
HCC78,HCC-78
HCC827,HCC-827
HCT116,HCT 116
HCT15,HCT-15
HDQP1,HDQ-P1
HS294T,Hs 294T
HS766T,Hs 766T
HS852T,Hs 852.T
HUPT3,HUP-T3
IGROV1,IGROV1
KP3,KP-3
KP4,KP-4
LCLC103H,LCLC-103H
LN18,LN-18
LN229,LN-229
LOVO,LoVo
LOXIMVI,LOX IMVI
LS1034,LS1034
MDAMB468,MDA-MB-468
MELJUSO,MEL-JUSO
MIAPACA2,MIA PaCa-2
NCIH1373,NCI-H1373
NCIH1568,NCI-H1568
NCIH1650,NCI-H1650
NCIH1703,NCI-H1703
NCIH1944,NCI-H1944
NCIH2110,NCI-H2110
NCIH2228,NCI-H2228
NCIH522,NCI-H522
NCIH727,NCI-H727
NCIH838,NCI-H838
PANC1,PANC-1
PANC1005,Panc 10.05
PATU8988S,PA-TU-8988S
PK59,PK-59
RKO,RKO
SW48,SW48
TCCPAN2,TCC-PAN2
WM2664,WM-266-4
YAPC,YAPC
